[
  { "capital": "Mumbai", "stateCode": "MH" },
  { "capital": "Bengaluru", "stateCode": "KA" },
  { "capital": "Chennai", "stateCode": "TN" },
  { "capital": "Kolkata", "stateCode": "WB" },
  { "capital": "Hyderabad", "stateCode": "TS" },
  { "capital": "Thiruvananthapuram", "stateCode": "KL" },
  { "capital": "Jaipur", "stateCode": "RJ" },
  { "capital": "Lucknow", "stateCode": "UP" },
  { "capital": "Chandigarh", "stateCode": "CH" },
  { "capital": "Bhopal", "stateCode": "MP" },
  { "capital": "Gandhinagar", "stateCode": "GJ" },
  { "capital": "Patna", "stateCode": "BR" },
  { "capital": "Ranchi", "stateCode": "JH" },
  { "capital": "Shimla", "stateCode": "HP" },
  { "capital": "Dehradun", "stateCode": "UT" },
  { "capital": "Raipur", "stateCode": "CT" },
  { "capital": "Bhubaneswar", "stateCode": "OR" },
  { "capital": "Guwahati", "stateCode": "AS" },
  { "capital": "Imphal", "stateCode": "MN" },
  { "capital": "Aizawl", "stateCode": "MZ" },
  { "capital": "Agartala", "stateCode": "TR" },
  { "capital": "Kohima", "stateCode": "NL" },
  { "capital": "Shillong", "stateCode": "ML" },
  { "capital": "Itanagar", "stateCode": "AR" },
  { "capital": "Gangtok", "stateCode": "SK" },
  { "capital": "Panaji", "stateCode": "GA" },
  { "capital": "Dispur", "stateCode": "AS" },
  { "capital": "New Delhi", "stateCode": "DL" },
  { "capital": "Srinagar", "stateCode": "JK" },
  { "capital": "Jammu", "stateCode": "JK" }
]