[
  { "pincode": "400001", "area": "Mumbai Fort", "city": "Mumbai" },
  { "pincode": "400002", "area": "Kalbadevi", "city": "Mumbai" },
  { "pincode": "400020", "area": "Churchgate", "city": "Mumbai" },
  { "pincode": "400051", "area": "Bandra West", "city": "Mumbai" },
  { "pincode": "400101", "area": "Malad West", "city": "Mumbai" },
  { "pincode": "560001", "area": "MG Road", "city": "Bengaluru" },
  { "pincode": "560002", "area": "Shivajinagar", "city": "Bengaluru" },
  { "pincode": "560025", "area": "Indiranagar", "city": "Bengaluru" },
  { "pincode": "560038", "area": "Jayanagar", "city": "Bengaluru" },
  { "pincode": "560066", "area": "Whitefield", "city": "Bengaluru" },
  { "pincode": "600001", "area": "Parrys", "city": "Chennai" },
  { "pincode": "600002", "area": "Anna Salai", "city": "Chennai" },
  { "pincode": "600020", "area": "Adyar", "city": "Chennai" },
  { "pincode": "600028", "area": "T Nagar", "city": "Chennai" },
  { "pincode": "600041", "area": "Velachery", "city": "Chennai" },
  { "pincode": "700001", "area": "BBD Bagh", "city": "Kolkata" },
  { "pincode": "700016", "area": "Park Street", "city": "Kolkata" },
  { "pincode": "700027", "area": "Ballygunge", "city": "Kolkata" },
  { "pincode": "700029", "area": "Bhowanipore", "city": "Kolkata" },
  { "pincode": "700053", "area": "Salt Lake City", "city": "Kolkata" },
  { "pincode": "500001", "area": "Abids", "city": "Hyderabad" },
  { "pincode": "500003", "area": "Kachiguda", "city": "Hyderabad" },
  { "pincode": "500033", "area": "Jubilee Hills", "city": "Hyderabad" },
  { "pincode": "500081", "area": "Madhapur", "city": "Hyderabad" },
  { "pincode": "500034", "area": "Banjara Hills", "city": "Hyderabad" },
  { "pincode": "110001", "area": "Connaught Place", "city": "New Delhi" },
  { "pincode": "110016", "area": "Lajpat Nagar", "city": "New Delhi" },
  { "pincode": "110021", "area": "Defence Colony", "city": "New Delhi" },
  { "pincode": "110048", "area": "Saket", "city": "New Delhi" },
  { "pincode": "110062", "area": "Dwarka", "city": "New Delhi" },
  { "pincode": "302001", "area": "Jaipur City", "city": "Jaipur" },
  { "pincode": "302016", "area": "Malviya Nagar", "city": "Jaipur" },
  { "pincode": "302021", "area": "Vaishali Nagar", "city": "Jaipur" },
  { "pincode": "411001", "area": "Pune Cantonment", "city": "Pune" },
  { "pincode": "411004", "area": "Shivajinagar", "city": "Pune" },
  { "pincode": "411038", "area": "Kothrud", "city": "Pune" },
  { "pincode": "380001", "area": "Ellis Bridge", "city": "Ahmedabad" },
  { "pincode": "380009", "area": "Navrangpura", "city": "Ahmedabad" },
  { "pincode": "380015", "area": "Satellite", "city": "Ahmedabad" },
  { "pincode": "682001", "area": "Ernakulam", "city": "Kochi" },
  { "pincode": "682016", "area": "Marine Drive", "city": "Kochi" },
  { "pincode": "695001", "area": "Thiruvananthapuram", "city": "Thiruvananthapuram" },
  { "pincode": "695014", "area": "Kowdiar", "city": "Thiruvananthapuram" },
  { "pincode": "226001", "area": "Hazratganj", "city": "Lucknow" },
  { "pincode": "226010", "area": "Gomti Nagar", "city": "Lucknow" },
  { "pincode": "462001", "area": "TT Nagar", "city": "Bhopal" },
  { "pincode": "462016", "area": "MP Nagar", "city": "Bhopal" },
  { "pincode": "800001", "area": "Patna City", "city": "Patna" },
  { "pincode": "800020", "area": "Boring Road", "city": "Patna" },
  { "pincode": "834001", "area": "Ranchi", "city": "Ranchi" },
  { "pincode": "834005", "area": "Doranda", "city": "Ranchi" },
  { "pincode": "781001", "area": "Pan Bazar", "city": "Guwahati" },
  { "pincode": "781005", "area": "Ulubari", "city": "Guwahati" },
  { "pincode": "160001", "area": "Sector 17", "city": "Chandigarh" },
  { "pincode": "160022", "area": "Sector 22", "city": "Chandigarh" },
  { "pincode": "201301", "area": "Noida Sector 1", "city": "Noida" },
  { "pincode": "201301", "area": "Noida Sector 18", "city": "Noida" },
  { "pincode": "122001", "area": "DLF Phase 1", "city": "Gurgaon" },
  { "pincode": "122002", "area": "Cyber City", "city": "Gurgaon" }
]